ds,unique_id,prediction
2023-06-05,0122a0b7-dee8-4d5a-90df-517b267260a1,-600.5284
2023-06-05,0b008a9e-f673-4782-81af-a9ac12cae6a4,820.0962
2023-06-05,c00ef7e3-53bc-4305-9ef3-5f22085e35f3,3224.0889
2023-06-05,d8b7b437-1f9f-4af8-8c1c-3ff5ed58873e,4089.4453
2023-06-05,090e1b52-0dbe-4893-b044-a7df7cdbb7a0,1534.573
2023-06-05,db2e9f01-d0ff-4b7a-a9a4-f2071e5f3d4c,1391.6577
2023-06-05,172278ec-ee15-4106-b84a-716f68df6ad5,85.41269
2023-06-05,6ee6f98c-d55f-4f59-9338-22db3db5f550,992.011
2023-06-05,0e55c6b0-c61a-4ed4-b458-e90bf3720836,893.4029
2023-06-05,139a2c92-dc09-4ae4-9e81-1762c85fee03,604.69525
2023-06-05,1ddfcda3-c00c-4c06-9489-d42f82a2b8d2,675.7781
2023-06-05,2b6e3549-9b03-49b4-91b8-2888d7aa2035,584.95966
2023-06-05,42c6433e-cf07-4bdb-a946-2a470b3227a9,1143.0574
2023-06-05,471a5036-6451-4c20-bad3-1a284f971c11,3438.6714
2023-06-05,4789ac37-c380-4ba9-b983-9ab1a32f4bb6,1118.3502
2023-06-05,49b52531-0c3e-4281-a284-fe86cca90063,361.8407
2023-06-05,5b1214d4-0678-4d59-8240-8abe5c0ff063,-736.95215
2023-06-05,5cde0134-eeac-4e7a-abdd-88ce9cf6dcf2,47.076157
2023-06-05,5dc422fd-f619-444f-a67d-bf09142bd91b,361.8407
2023-06-05,642387f3-026b-4109-bee6-0fbb1a92c69c,-25.696993
2023-06-05,67a8b134-26d7-47f0-bf10-f19f58c30638,938.4528
2023-06-05,75dd458b-c52c-4d4c-873d-9ef179daf805,2552.0994
2023-06-05,766c0322-561e-4d4a-a28b-5b1e6b8b8c8f,361.8407
2023-06-05,7f44f3b8-609e-4ac3-9572-ebeb0f8d07a7,361.8407
2023-06-05,97fa405c-b0fe-4187-9158-15e6b124d985,361.11395
2023-06-05,9ba7cc61-7ed5-4a9f-88b0-6b753011e4ef,511.14426
2023-06-05,9cdc9d34-8c34-424f-8594-0adf13959ab0,-962.4234
2023-06-05,a3abf9c0-7ca0-45ce-bf30-d1745e80db00,932.64465
2023-06-05,a86b123c-7605-4fbb-9e2d-e03f8724842b,3913.7104
2023-06-05,a96380da-b920-4d1d-9db4-cded0b9d562f,-667.39734
2023-06-05,d48184f9-32c9-4ee2-a731-5c77b4f26362,1715.3511
2023-06-05,e77c3707-24b4-48a5-8e96-235535e63b22,496.78662
2023-06-05,f9746a24-d545-4fde-a6cc-f41e6d007fb8,296.71292
2023-06-05,39cd89db-9f02-4d7a-b581-f1a2b0354292,3930.6074
2023-06-05,f3bbbd76-c50c-4e5d-b76d-a38f260fdbb8,1118.3502
2023-06-05,7f8fcf19-3e28-4813-af91-397251a8b50e,2552.0994
2023-06-05,e2fdfd31-44c4-474a-9f9e-deda8511c203,302.8909
2023-06-05,e6d63723-1f67-4ceb-a26c-7bfae9161238,817.3997
2023-06-05,29a3c127-091a-40a4-b289-79eba4d7d1d8,1204.136
2023-06-05,5cbb7fc7-58ff-4e74-a047-995a06a0a11a,3914.8142
2023-06-05,768ee0de-e99a-47bd-9197-cb17bfa8542f,3930.6074
2023-06-05,cb12f301-3c5f-436b-9a64-6340e5984f1c,361.8407
2023-06-05,ff60c83b-72fa-464a-9f3c-5bdf51842611,2552.0994
2023-06-05,3446db36-6b80-4188-bd07-080f4ddbc0bb,219.7987
2023-06-05,53be60b6-e803-4028-815e-a5650e9d3cff,-632.3139
2023-06-05,a0195622-5260-485a-8ca0-4808eee1eace,1122.7274
2023-06-05,a59a23f1-cab1-487d-afb4-337ef485b133,1212.5005
2023-06-05,e275f849-dbb5-43b9-9d30-07ea04f664f3,1128.9696
2023-06-05,f3da9f2a-9fd3-4e19-a955-ad04750d22c0,-569.20233
2023-06-05,f81a406b-eef8-4716-a217-5d1a752e61bb,261.03552
2023-06-05,51e5168e-29f0-4e9e-bff2-c1e24b7a269f,2188.1267
2023-06-05,62d01182-d8e8-4840-8110-b2b2c621e801,1104.8846
2023-06-05,9298d4a7-f149-416d-9e54-01fb561e3691,704.4004
2023-06-05,25939882-7d06-43e8-99f2-4a64126f8ce1,1118.3505
2023-06-05,4d54f172-509f-4a31-a9de-6434a4cc4791,817.3997
2023-06-05,76df6b1c-eeb8-49b8-b5ac-720a38f93ef1,938.4528
2023-06-05,7ea53440-b242-4120-91ce-eca02f7abfbd,1070.7942
2023-06-05,88294053-ff04-4ee3-b9ff-8dc3efc0c5dd,3913.7104
2023-06-05,c749d99b-f101-40ca-94c2-96b0ea5dfc4c,970.722
2023-06-05,063c4e76-e28c-4922-9b79-8d110809752d,497.4809
2023-06-05,0e72850f-8dc4-4db9-8e8e-866ba1cb84b8,2188.1267
2023-06-05,5866a20a-25f4-4826-a8f2-b1f90981a7c7,1120.2065
2023-06-05,588e0e97-a40d-4a4d-83b6-20bfcd0504b1,412.37704
2023-06-05,c9557ab9-2a70-4554-8824-8df29e60c38b,643.7659
2023-06-05,19dd5c4b-c007-4eac-ad60-79e789edb577,1399.3281
2023-06-05,39687616-0854-4bbf-a839-c9e4e535d5bf,3308.306
2023-06-05,777dbe74-4fa3-49f2-9bcb-679f5fe483ca,237.72612
2023-06-05,7ca2b6b5-e4f8-473a-b836-60d98d5da5e7,1118.3502
2023-06-05,8f33f73c-c0f6-4897-b70e-b7b47f07a8b5,953.5088
2023-06-05,c58d2ddc-92e0-4af6-8a70-cba68ff1e2de,94.51371
2023-06-05,003f5992-498a-48ab-8cb5-2254cf2bf573,474.48288
2023-06-05,02dffb88-d39e-41c7-b950-2f83845541f8,497.48322
2023-06-05,02e827eb-8b0d-4f2e-a4c1-28c3548a2b3a,-642.28687
2023-06-05,03289a28-28b9-4592-b29d-f7a46f837118,94.98733
2023-06-05,04d562d3-34f3-4d03-bb27-88f71f527ce3,361.8407
2023-06-05,0539535c-0292-4f24-bb90-d4645b403454,1129.9689
2023-06-05,089fcc22-0f7f-45de-9c3d-88b2026a164f,-444.24176
2023-06-05,098c2f28-4a84-41f6-9244-32c3d8fbbfd2,-642.28687
2023-06-05,09c87fad-c14d-4b26-b6f1-b6c2283c3269,112.54262
2023-06-05,09d27376-42f6-40f5-966b-4969e957700c,1118.3502
2023-06-05,0aa884c1-df86-4aef-af98-95ee94fbd7db,1335.6497
2023-06-05,0ab88c5d-2310-4a39-8d03-abb8dcc0babd,-642.28687
2023-06-05,0b18234b-b30a-4ba7-8c4f-1d5fcbf5fecc,135.688
2023-06-05,0c28be45-b763-498d-804d-caf01cb7ec31,938.4528
2023-06-05,101b4cf1-e742-4a53-932a-d5e8e7fcae18,129.03496
2023-06-05,10207f66-b8bd-43e0-9063-a30d29922fea,883.0242
2023-06-05,104f71b7-9e4a-4ca1-9953-1fbec1143e11,9.443668
2023-06-05,1155eea9-074a-42e8-bd03-4b50a537aae1,817.3997
2023-06-05,1177c385-83e7-4636-ae1a-df56c4cecbb8,3083.8254
2023-06-05,16876a11-5df5-4277-be10-0178472187bc,1.8925037
2023-06-05,16ad4ccc-5f68-4fba-89c8-1a1883c16e83,21.628143
2023-06-05,18c3fc3b-0955-4798-b8ee-316b63895fe2,3914.8142
2023-06-05,19c7e541-c53b-48ad-9f88-2f7051732040,5.483025
2023-06-05,1b0c933e-b014-40c4-99d5-afaded78708d,-33.382095
2023-06-05,1c129bfc-d92f-44a5-80cb-0156e89550c1,-594.3096
2023-06-05,1eaab7c7-27c4-489d-b365-e6da68bd89bb,2.7606556
2023-06-05,210d023e-3137-4934-98d1-2d5e6b9de087,951.9774
2023-06-05,2117a4c4-1031-41b2-9581-a01ff9b6b7ce,2301.5684
2023-06-05,21621d22-7307-4282-a8de-7698eb64c55f,3930.6074
2023-06-05,218e54d0-cbb4-4669-a70a-5d34984200a2,-667.39734
2023-06-05,2207305f-7e2b-4bf8-b01b-9b0fa3d0cec7,-594.3096
2023-06-05,226acfb0-3a6d-422f-ab17-d4d260bfad0d,77.004524
2023-06-05,22cd8c0a-f596-4aa1-a301-d6a95524f3f1,1120.1974
2023-06-05,230ad047-2fc2-444a-99ad-1c00acda8743,-90.934235
2023-06-05,254cf594-abc3-48cb-a148-ecca974b7ead,-671.4767
2023-06-05,260ad0de-a4e1-41ba-947a-ca5d7fdc3165,3930.6074
2023-06-05,26b7de93-d890-4a2d-bedf-dc4bb7e1b90d,251.7466
2023-06-05,27037d32-f531-412b-877f-14ecacde8aed,817.3997
2023-06-05,270dcd0c-a74d-4f84-b115-79f573a2b0bf,2438.9463
2023-06-05,279709d2-96c8-4a20-af74-ad563e58f978,4089.4453
2023-06-05,27c8eb3f-925c-43fd-a3dd-2c0aa5c38df1,-62.962082
2023-06-05,28fc281d-1168-4fa4-875b-3e0859e3d079,566.09827
2023-06-05,29157c84-53cc-437d-8666-0141eea7750a,9.945627
2023-06-05,29b0cf7a-1e8e-45b9-9b56-f40227d0c10b,-35.425163
2023-06-05,2a321a28-810d-4c8a-8d92-c58a5415bb1c,-594.3096
2023-06-05,2b4d3560-44b4-45bb-8890-e5fd156102f0,199.74066
2023-06-05,2cec4131-0158-4da2-8626-b2f437f917ca,43.38228
2023-06-05,30af9c0e-327e-47b8-bd5b-9c4fc4ffbcd8,938.4529
2023-06-05,314ea690-76b5-40b0-b9ed-0188d95952a9,1124.2731
2023-06-05,3163d84e-a43c-4722-ab23-5df89b1b5cee,932.7208
2023-06-05,32e5fc0a-4780-4c7d-a313-1776f2e2fe8b,28.764595
2023-06-05,33f80a00-763b-45d2-8dc4-15d644bf3499,22.471107
2023-06-05,36bfac9e-5ba0-48b9-88b2-d24bfad1d843,294.88245
2023-06-05,373b8b89-7fab-4507-949b-5c5b542a9198,3930.6074
2023-06-05,381dedfe-daa3-4a5d-84fd-1900197a40be,-642.28687
2023-06-05,383c058c-497a-41f8-b930-0df9de089665,110.76062
2023-06-05,392d243e-8ecb-4fa1-a9e7-5c34ab20463b,1118.3502
2023-06-05,39564624-3706-4637-ab2d-1ac3a620c413,1129.9689
2023-06-05,3b9dbd5d-c00a-43b2-ad8e-bbad9f4665ab,1118.3502
2023-06-05,3c987a6f-e6bb-4344-84e5-588b704b892c,182.53342
2023-06-05,3e480915-055f-4949-921a-25869672ed67,49.530544
2023-06-05,3e9552f8-2888-40f9-8aa5-620133addd8f,1317.2239
2023-06-05,3f85c42c-7fbd-43be-9f1f-4e65a809451e,-364.68158
2023-06-05,3fb36065-8751-419e-b334-97db8501c59e,85.74288
2023-06-05,408bdd87-be7d-4e4d-821e-67a482dd079d,-47.66989
2023-06-05,417fd94b-24c5-4c8d-8247-2bbf65abe59e,246.24301
2023-06-05,42b80210-fcb3-4278-b21a-ae8580031056,474.47784
2023-06-05,43badf52-c83c-47fa-a87e-10ec68617c1a,23.467743
2023-06-05,44c189a3-15d4-4079-8bdf-026ae3056ccb,1118.3502
2023-06-05,453bbe6a-c0ef-4c47-90bf-e70fa15280a8,98.48819
2023-06-05,45b2238c-c958-44a3-bda1-fde52f0b63a2,-680.95575
2023-06-05,45c2a5ba-0fa6-465c-9113-ace05b745cd9,3914.8142
2023-06-05,4648be5f-685e-44c5-8719-b6e0f54c87bf,254.64517
2023-06-05,470954a9-e080-4db8-9b7b-3d6bdb8089e6,-642.28687
2023-06-05,472b7f77-ce49-4701-a68b-211e71fbc702,21.162077
2023-06-05,4c33371b-c472-4b52-bd3d-1ed76bbfd92a,23.199318
2023-06-05,4ecb4dba-37e9-434c-906f-9f3496317808,166.16718
2023-06-05,503086bb-25f8-4a97-9495-c104942f14fd,938.4528
2023-06-05,506e9a65-1a22-403e-a0c6-02caf7af711f,1296.635
2023-06-05,53d70cba-63c4-4da6-ad3f-cc0e8d247fe6,-18.127779
2023-06-05,53ea9231-1b57-4049-87ab-77c08874a776,938.4528
2023-06-05,5579cee9-6c4c-4d78-b7d2-4e62f33b503f,3914.8142
2023-06-05,55d2c621-545b-4906-bdd6-88b68b0446a6,386.52924
2023-06-05,5687c2f8-c458-462f-ae0e-99a4913eb1e5,-698.9249
2023-06-05,58d1668f-4ff4-4a9b-9321-6b91351379d7,161.0869
2023-06-05,59787a0b-d7a2-4a1c-a208-bee4ac8f949e,938.4528
2023-06-05,598c6f26-754a-4459-ad24-331c9f3ede0e,932.7208
2023-06-05,5d2da5a1-1a60-4330-af77-6f7e70d99160,95.41157
2023-06-05,5f17a108-dac7-4ea3-9651-632a0a0722ce,1204.1296
2023-06-05,5fcec3b9-6287-41ad-9aae-6f6c355906f0,29.558306
2023-06-05,60caaa3f-b583-4273-ae8e-408280e5581a,497.48322
2023-06-05,60e3d61d-d678-4e9f-821e-0d5b04ecd35f,1120.2065
2023-06-05,643c2496-ec5b-4110-9020-664e5ded9c52,94.35218
2023-06-05,6459670a-c1b5-4af7-ac8b-a4e04126b74a,98.48819
2023-06-05,64a16272-3f08-48f7-8c02-d4995c1646e7,3930.6074
2023-06-05,65902579-90c3-4909-b54f-bce0f9d0e70d,-364.68158
2023-06-05,664e274f-15f4-432f-b481-f2091fbcadb6,1129.9689
2023-06-05,67dab663-dfe6-4790-af48-a3b5dbd7a9c8,817.3997
2023-06-05,68faf0f0-62d8-4e9f-820d-cd64351ca9ae,-364.69135
2023-06-05,6959ae27-4946-456d-b25a-7711cb1014a9,361.8407
2023-06-05,6abfcaa2-ebdc-4b0d-8ba4-fb96629a6a95,488.92856
2023-06-05,6bdcc3fd-9f00-48ba-aecf-75bcd677871f,247.994
2023-06-05,6d897019-0aa0-46c2-b705-40362b2d38b6,237.72612
2023-06-05,6fbdf9c2-d03a-414f-8943-d347690ce56d,-642.28687
2023-06-05,7008c4ce-0db8-42d7-bbd1-5cf4ebaac8bf,817.3997
2023-06-05,70bac4cb-d7c7-4ca3-8a32-392dd4ad613a,1204.1296
2023-06-05,7234bd7f-220f-437e-bcd8-9e49b62cc8f4,139.13837
2023-06-05,72b64216-3c27-42ef-b408-769e008187f0,820.0962
2023-06-05,73423963-c1d1-48dd-8dd2-b482df3403dd,932.64465
2023-06-05,751fe55e-b1c8-42ce-a34e-c5e6c2559710,354.70407
2023-06-05,76babb9a-0379-40e4-abe7-7556d6a21dae,91.65504
2023-06-05,787cf899-25b8-429c-bca7-5c684f01bb81,8.952694
2023-06-05,789f0589-2120-49cd-9146-01f1fad7dc67,-594.3096
2023-06-05,792808c9-6808-419b-985b-ad72d9528d3b,-364.68158
2023-06-05,795b42a9-fee0-41bb-90cd-277de21c5b32,-364.68158
2023-06-05,7ba2e6b8-95d8-4ab8-a75f-23d1d61cc188,1317.2239
2023-06-05,7c560bec-2185-4cd3-b58d-0041ae4175ae,162.61139
2023-06-05,801dbf1e-1612-49c5-b829-40fc2225e6cf,-364.68158
2023-06-05,811eb190-ad47-484a-bb17-24591b6d4733,5.9072857
2023-06-05,83a0531d-e84c-4d34-9266-48e864d2dff1,-858.21246
2023-06-05,84fbac37-99f1-4a5d-a6db-c5ffd61f8792,130.38747
2023-06-05,85e97db9-2bfb-4b56-968c-d2fd3ef88d44,371.90756
2023-06-05,87ba82d4-c6d7-4232-9a3d-94849c2a02dd,497.48322
2023-06-05,887d835b-7d43-4fd0-b232-e5b9f17b052a,-543.30347
2023-06-05,8892f8c1-17f8-4e10-948e-c82c456d05d3,617.6106
2023-06-05,8957a334-9349-4f10-b454-7652a0bcede5,951.9774
2023-06-05,89d0d12f-0d58-4143-a936-cc1daa4144b3,994.0802
2023-06-05,8a788bc9-ee49-4037-81e9-9c249f80e6dc,-364.68158
2023-06-05,8ac580b0-5cdb-4cc9-9976-90775662f7ec,3914.8142
2023-06-05,8b539e21-6794-41c1-80a1-7fd89ec6b277,817.3997
2023-06-05,8c27e431-1941-4113-b4eb-b6b90f61f03c,1519.8857
2023-06-05,8d3bcc1e-8655-4b03-9f58-e7118a424788,3148.244
2023-06-05,8e00e929-9219-4e98-a57e-4cf3d3d0a705,497.48322
2023-06-05,8e39c08e-0a47-4ba9-b0c4-00925b952181,62.7835
2023-06-05,8e9cbdad-65b3-427a-af59-35a317f46a78,-17.463152
2023-06-05,8f6b77cf-a4cc-4031-9391-2ed935d16a66,361.8407
2023-06-05,8f8a1e10-236b-40db-908b-82756ff10a3c,495.8002
2023-06-05,90c250ae-eba8-4964-b628-8d9ec8f3c6f8,-642.28687
2023-06-05,930b598d-274f-4953-b3e0-aaa96470f984,51.472626
2023-06-05,93e23188-7335-45cd-8d39-41c80a01a1b1,-642.28687
2023-06-05,942c8c26-eb49-4cd6-bc27-23d9e7766335,1399.3281
2023-06-05,96d81c52-1c21-47f3-b1de-bec4f5da64dc,-642.28687
2023-06-05,973ae3ed-036b-4830-9be6-8282fbc1dca9,-667.39734
2023-06-05,97d11810-16f9-4d6b-8cfc-a45178e45204,113.920815
2023-06-05,97e05d1f-5d64-435e-98c9-b0dfc70f1640,497.48322
2023-06-05,9892148a-602f-4938-afc3-408d5d5bc0c6,127.23089
2023-06-05,9a10236c-f8f7-4535-9a1f-ec9308b770d0,774.8213
2023-06-05,9b1cfee6-dd7d-457d-b595-d4f2e9861558,368.07797
2023-06-05,9c0cbb3d-ef4c-4811-ac7e-d738d0db39e8,368.56192
2023-06-05,9d3ad436-6e15-49f6-a735-a70b6614140b,248.30652
2023-06-05,9dd8d189-a746-4a89-9b16-df28a8eae62d,217.88716
2023-06-05,9e2498d7-a9b8-4316-93ac-c0bc3f051317,4219.7837
2023-06-05,a12afcab-27b6-4cd5-bdec-4bb0c09f0afa,-642.28687
2023-06-05,a2a800cf-50ee-47b7-8ce4-ffea2bd44023,580.0133
2023-06-05,a4808391-681d-49b9-9fae-405ffa03eccd,817.3997
2023-06-05,a56264f0-2642-4617-99ba-8cb3ac4d36de,486.2476
2023-06-05,a5a83a27-d42c-44ba-8f4f-f383f62ec992,497.48322
2023-06-05,a7da9758-cc6e-4fbe-b082-451367c84ea5,938.4528
2023-06-05,a95809fc-d19f-4e56-86b8-b2929c304ad9,371.82068
2023-06-05,ab7c0720-8140-41b6-82e6-172444be359c,-364.68158
2023-06-05,abf26ed0-830f-4733-b44a-fc3e72f5064f,166.91338
2023-06-05,ac5252ee-9560-4bb7-9330-56a5fa4f5b9b,-594.3096
2023-06-05,ae15487c-9988-4b9a-a7f7-6992475cf6f9,675.77844
2023-06-05,af3a3664-1c33-480d-988d-a48138579f49,1118.3502
2023-06-05,af8f0ad2-bc93-4909-8001-64cc05da9228,1129.9689
2023-06-05,b07456b2-d8d7-4ecd-bc4f-6be5fd3e4730,-524.16925
2023-06-05,b15e4e1f-4712-4e7e-ac82-9450ed92cad7,817.3997
2023-06-05,b1e07894-375d-4625-8eda-484837368502,23.033257
2023-06-05,b4a56400-d8f0-46b2-8e93-49a98763f8a5,-594.3096
2023-06-05,b4c319d9-78e7-4ff2-b537-dae2c7d24ad1,1715.3511
2023-06-05,b87e7c80-d0ae-4e55-bd63-7464a836747c,817.3997
2023-06-05,b8d0e3e9-1478-43cf-a4bc-2e3164ec474f,1124.2731
2023-06-05,b994ba5f-e3cd-4737-ae77-b5694d9d2e74,675.7781
2023-06-05,b99b476b-6d5b-4b63-ab6d-1535ba202119,817.3997
2023-06-05,b9cfb33c-ab2f-4c6c-a8ec-3bd0b1aa8d82,1001.77826
2023-06-05,bc3676c3-99f4-4290-b6c0-94d736660de8,820.0962
2023-06-05,bcc52f15-cf7b-47cc-98e0-5e1d6516a45d,817.3997
2023-06-05,bde1a13c-774c-4d02-874b-20fc191fb803,-667.39734
2023-06-05,be6c26e6-f887-4401-91b5-9cf6aaca8195,116.46203
2023-06-05,bf55352d-80d2-4aa3-8687-fef3a70d1cc3,518.52686
2023-06-05,c0fbbc9f-636b-4cf6-9705-7192feb9c9e6,253.60562
2023-06-05,c337a496-8dfc-4c5b-9f73-bdd4c12ff1d9,237.72612
2023-06-05,c50374e3-3f16-40ca-a4f7-8f7c5903f943,-319.25574
2023-06-05,c71b68dd-5edf-44c4-96ce-0d3f9d9311bd,645.00446
2023-06-05,c7855881-d244-4e69-9764-ec836984e598,938.4528
2023-06-05,c7ea8570-256a-49c3-bd25-10f752e78a5f,268.04932
2023-06-05,c8164e9c-edc4-4b52-8274-9ccb0c2b78ad,7.7024746
2023-06-05,c912e96a-3c46-4ccc-a1be-d3c5f7ca784f,1120.1979
2023-06-05,c9aa5958-c8c7-4f9b-b6bd-12c9e3eccaab,4.2078
2023-06-05,c9b0c471-f019-4523-8d6e-57b16cfb3df6,174.64987
2023-06-05,caddc382-ce5a-4978-9142-0236cf89b2fc,42.501064
2023-06-05,cb424abc-1d7d-4e85-9ff5-2fe4cac4e8c0,98.48819
2023-06-05,cb4eaa20-ba02-481b-993c-1ebb9cb1f758,1118.3502
2023-06-05,cd2f2708-7e83-4fd5-813c-5c74e603b952,675.7781
2023-06-05,ce4a76c1-c2a2-485f-85a4-6c928c13014e,-364.68158
2023-06-05,ce711d5f-7993-4e10-a332-993061d46015,-594.3096
2023-06-05,cef355f6-1e44-48f5-b4ad-fd40078d99e7,1120.2065
2023-06-05,cf3d81bd-09de-4417-824b-0da1518a1bfd,932.7208
2023-06-05,cfe6a9d2-9f43-40c7-9bbc-6727aa268473,-12.312734
2023-06-05,d066b829-89e4-4608-8629-6fcf2bff6c43,246.24301
2023-06-05,d36c2eda-03ea-4902-9bfe-e3bf586ec460,140.56363
2023-06-05,d6998b40-087f-431a-93f3-000279ebc7cc,1296.502
2023-06-05,dbde8ecc-0a2f-44e4-8434-81c73cb5c5d4,-626.412
2023-06-05,dd75d985-bba5-4205-b456-0779f2be9e3e,-642.28687
2023-06-05,df715a6a-d120-4ec6-a0c8-234bd556877d,857.09564
2023-06-05,dfc3ec73-47b7-4777-9adc-4523f6610310,932.64465
2023-06-05,dfd82be9-8706-4eb1-a567-a150e908eb06,61.773197
2023-06-05,dfd8881d-7a89-47e0-8836-1d38d024d22e,-594.3096
2023-06-05,e064a6f4-f86b-4ef5-b11a-0dd8dd6714a3,1013.2232
2023-06-05,e5340d54-3cf2-479f-a66d-69418f69cdbd,1317.2239
2023-06-05,e725f773-f409-4548-b693-d4048633beda,2654.8289
2023-06-05,e8422b68-8b75-48c9-b983-74024dbd4100,938.4528
2023-06-05,e9b90964-b957-4d4f-92bd-338587e715c6,474.48288
2023-06-05,ea350ce4-777b-467c-8b75-65db47a4e126,361.8407
2023-06-05,ee3e019d-b7e8-475e-8a11-c78c80a86466,495.18134
2023-06-05,eff8e29c-693b-4697-8578-22b01b999146,1129.9689
2023-06-05,f0451405-8071-4316-adaa-eff728ad8e77,817.3997
2023-06-05,f06dd16d-5c92-4542-bd1c-9d59bf0ad3eb,307.80627
2023-06-05,f0cb8fda-d087-47d0-bdcb-253c20d8d6ff,97.05375
2023-06-05,f16bd631-dd15-4d07-9315-a71f8f5e5930,2438.9463
2023-06-05,f1857ef8-78ea-4569-ac6d-88915b3dfab7,19.420994
2023-06-05,f20b5581-2dae-4854-812b-8a74f2a439b2,66.342476
2023-06-05,f21a2cd8-4d36-4a9c-9437-5afd729e231f,1120.2065
2023-06-05,f2a2dd99-2797-4a7c-a042-4315b16335e5,497.48322
2023-06-05,f387a59e-e36a-4f01-94ea-82f8f583037e,938.4528
2023-06-05,f3db1766-82c3-46b0-89f6-4a699ba77e7e,932.64465
2023-06-05,f406a57f-40fc-461f-8856-91f030ede2b3,474.48282
2023-06-05,f431e16d-0a84-4091-879b-01877f17eab2,139.40723
2023-06-05,f5cfa05b-ac05-4e86-aa94-ebc79c9f9694,133.08824
2023-06-05,f68ad47c-5551-4cb8-921a-81059d607712,431.06177
2023-06-05,f6e4934c-bbe9-44fa-b9b6-035938bc487a,1120.1979
2023-06-05,f6ef12bc-78ce-466f-9b31-e31efebbd27d,1129.9689
2023-06-05,f813abb6-ab8a-46f5-b320-f500f666efe2,361.8407
2023-06-05,fd8e1f74-ed74-4e90-854f-4934644b425d,-642.28687
2023-06-05,fe30bb29-d547-4625-8913-eadc5ed8a6db,184.8013
2023-06-05,fe8eb421-08f4-4a22-9035-f31cbfbb463e,24.17287
2023-06-05,fefdfa83-ecc5-4b15-b366-343035687b44,1399.3318
2023-06-05,0318da5e-3cb5-4593-8c17-602cdbeb83f6,217.79338
2023-06-05,970bfa85-8bd3-480e-bc7e-6b860e7108e1,-3.0658333
2023-06-05,b6bcefc7-7ff4-41d5-8f4f-ecdb6f72652d,847.17
2023-06-05,dc23800e-ceaf-4408-ac89-b13c0f1ce1e9,-39.765404
2023-06-05,05bec1d7-49e2-4bae-93cb-9dbd25b735ce,938.4528
2023-06-05,0dfd2d18-a1ac-4193-85cf-0fdf42bfb9a9,283.99078
2023-06-05,193c1619-804c-40cc-ab52-ee6730532e95,1.0295925
2023-06-05,1b0a2ee9-4b74-458c-a26f-7f8514c06781,938.4529
2023-06-05,1cd1e187-9464-438c-ab8c-c697f407e34b,1.3331318
2023-06-05,23657d4f-9e81-4048-8597-5f705138021a,1317.2239
2023-06-05,2abc07f5-0a59-4337-b7e1-60004d601df6,113.90464
2023-06-05,2eb50326-865d-4245-bfb6-8c7a4733640f,362.52383
2023-06-05,2f365185-829a-4e30-930b-9c2e30b3d32f,2.6753185
2023-06-05,5ce38e9b-6bb3-4a35-b3c8-1fdc80ae96dd,1118.3502
2023-06-05,64c137c2-76f7-4328-96d8-628112588d58,-80.36219
2023-06-05,8070c54d-ab0e-4656-a9ed-d36d4d270e06,141.20218
2023-06-05,88ad7317-81f0-4b09-94be-dc2cd76dd3ad,1129.9689
2023-06-05,89884ab1-6075-4822-bf59-c57b53ee0005,-684.69855
2023-06-05,8e40b451-6468-4ee0-a385-6f33d658130c,1128.2432
2023-06-05,a46046b2-369b-4be9-86e2-366906c41542,558.64185
2023-06-05,a7cdec32-a16f-4d22-88f4-e21820755550,938.4528
2023-06-05,b0c0fc02-80c5-4bf0-ab2d-384d2ad82f70,938.4528
2023-06-05,b3c632b8-6802-4b5e-8229-6a38afa980b3,27.993246
2023-06-05,b5c91bb9-24a5-42d1-926f-c9a59fe3bb68,67.93403
2023-06-05,bd50df1f-a91b-4378-86b2-b5d7db7569c2,629.14856
2023-06-05,c1421cd3-3f64-490b-80d9-0df768374099,2512.5586
2023-06-05,d0adbad9-8e2c-40df-bbe4-a8a827bfb3aa,111.54294
2023-06-05,ded44e3a-5d60-4162-9638-adca6a15e339,-538.9979
2023-06-05,e5804a21-274a-4d2f-adbc-9bca9acb4a6f,74.6393
2023-06-05,3576f6fe-5bef-4957-8c5e-84332a192f7d,12.702905
2023-06-05,4f138650-2979-484e-8943-5361240e50fe,1143.0574
2023-06-05,7f232c9e-ca99-4cf8-a32e-396a421502c5,817.3997
2023-06-05,8c0f7a5e-082b-4469-9689-857163d0579c,282.5606
2023-06-05,c5040f07-55c9-4b71-9c64-f23232b3d108,-364.68158
2023-06-05,0cf714a7-25eb-409d-96ac-9e4c7f394063,1129.9689
2023-06-05,2678daa1-d7e2-4fcc-9334-f8f5f8461425,3914.8142
2023-06-05,36d7f325-b281-44e0-bf92-eeb7bae0d972,46.302315
2023-06-05,40883c50-42a7-449d-9634-e4fc632d73a1,27.358133
2023-06-05,4c5705d9-16f4-4e71-a709-3c724fa8630b,103.06312
2023-06-05,614ccbde-0ed7-4718-a0bc-97fd8091e15d,153.67165
2023-06-05,84864679-dacb-4b8e-81fe-11d9564cef03,1512.2776
2023-06-05,9bf34cea-fd53-410e-a4d3-ad70a7736676,40.772434
2023-06-05,a418857e-32e4-4d5b-835b-6180bce5f11d,474.13177
2023-06-05,a572fbe4-d55e-45f7-817c-58b94f77e5f2,1120.1979
2023-06-05,dffd53da-001e-4511-be37-871620800ab2,495.03018
2023-06-05,f5a9ccf7-6baa-4736-9caf-b8fd9a1e558a,1118.3502
2023-06-05,02ef7f71-8d6f-4081-9b91-97624381b7c3,1118.5183
2023-06-05,035913d4-5913-4e5c-86d2-304c35258e58,497.48322
2023-06-05,0441e9e1-2506-43f3-9ff4-2f03085ccffb,137.00566
2023-06-05,3f284b2f-12fd-4297-843e-88738eb7d444,1129.9689
2023-06-05,5058746e-a1ca-4759-b7de-04488ae08141,1129.9689
2023-06-05,72f1e7fe-a42e-4cf4-aa84-420d5f340982,495.0306
2023-06-05,aaa47bdf-8e6a-4679-b34b-41cca6d478cd,817.3997
2023-06-05,c394435c-c229-47d8-bd81-142d6c1c6b4e,1124.2731
2023-06-05,fad10746-bf60-487f-ad66-1649ebef9f96,380.68893
2023-06-05,00c751da-2b0d-4b16-82b8-73bdea28961e,1129.9689
2023-06-05,0862fd07-531d-4505-a4a1-9ba453ca0cf4,2.6747198
2023-06-05,0932008c-1cc2-4534-88dd-921471b7009b,68.19533
2023-06-05,0ff81236-8ae7-4d2e-91bb-ed08779ad3b4,583.6211
2023-06-05,1a4f2da3-0f71-49b6-93dc-7e94e9ff4add,143.19081
2023-06-05,1a6dbef7-cd4f-41ee-a898-b4d360e2a152,-1.7722948
2023-06-05,1b5ee019-a7e1-4110-9414-905a6e50dd90,313.501
2023-06-05,1f998571-d5c4-4512-b30e-7a149243e94d,949.29285
2023-06-05,2148e1b9-fd23-48fc-b7e1-9ce59d89c61b,2.6746354
2023-06-05,22c7bf99-4ca0-4104-b0b2-9e86e61bd870,474.48288
2023-06-05,2606f0c1-477b-4f83-b275-0dc81954de2e,560.81354
2023-06-05,2a10b953-d215-4bd6-93e6-f54545ae70bc,1128.8833
2023-06-05,2abefd4d-31dc-48b9-a3a8-df3abdb0fa3e,-1.2502167
2023-06-05,2b82ce65-0504-4a58-8120-a95211be0508,1129.9689
2023-06-05,309e8d62-8a45-41cb-acb8-8de2514448ad,222.01312
2023-06-05,319e5484-0a95-4f76-8fbe-5ccbd6a6dbc1,133.97444
2023-06-05,34d28392-4d94-49c4-afd4-c67eb5675b5d,-1.2499878
2023-06-05,399b7021-4290-429e-988e-f47b507bb72e,675.77844
2023-06-05,3bb0a052-4925-422e-bc94-5a3bfb5ad99e,546.4661
2023-06-05,3fdd84ba-7558-4c5f-b0bf-e1e65ad97db6,141.14645
2023-06-05,40ad9746-edc4-4680-98b7-7e9e7a238724,675.7138
2023-06-05,40e163b7-4bbc-40bd-b594-b8509ec47b9b,69.945175
2023-06-05,44d0dd78-907c-4c39-bcdb-7ba2c52ed3cb,518.52686
2023-06-05,4c318901-141c-4b6c-b92e-99029bb6aa00,361.8407
2023-06-05,4d42583f-2c12-4b4a-a4c7-ba54952bc31f,1120.2065
2023-06-05,5044f163-7f09-4423-b10c-3f03568ef512,1120.2037
2023-06-05,50d67f67-35ef-44e2-a214-19175f335685,115.58581
2023-06-05,537b2330-6ab1-443f-92b7-df8528fc71af,31.176754
2023-06-05,548d3605-969a-4a6c-bd98-4be7c0c20efa,3308.306
2023-06-05,5535690b-afdd-4947-98d5-02f5b5d73dea,1124.2731
2023-06-05,586c5a0f-f576-4d9f-8c9d-5aa4be74938d,2.6753185
2023-06-05,5b3bfdc1-72e0-49e6-b030-5b2615e2791c,516.6074
2023-06-05,5cd9a10a-c455-4102-b8a8-d6879b5a492e,108.77318
2023-06-05,618369f3-8213-4897-8b26-926e48a60396,-3.5623076
2023-06-05,638a9ef5-1792-4db9-b024-3e13c6493761,-1.7722929
2023-06-05,64dda351-2dc7-4aca-9fea-6694cc0f81b0,474.48288
2023-06-05,659568be-3a8f-43ae-b5ff-c23a6f926748,474.48288
2023-06-05,679abc97-6509-403f-89a6-a434f11ae2f2,6.3487988
2023-06-05,6b0ba24d-0442-4e80-8391-7b4b2d50e962,-594.3096
2023-06-05,6cbb260c-42bc-442b-b274-e3fe81889a73,474.48288
2023-06-05,6fc151be-b1f3-4bf4-af86-39eb3c1f94cb,77.184525
2023-06-05,7514e354-681f-4cfa-89f1-96c551ce3b84,1183.6157
2023-06-05,7687e4e7-57d4-4199-af71-20e4c493d295,1120.2065
2023-06-05,76d3084b-4dcf-40ab-bff9-9b5e43e38d26,583.9307
2023-06-05,78a9de57-b3d9-450c-a63f-0a52eaad2fb7,171.1145
2023-06-05,795131a8-f7dc-499b-b9ef-8f1490c07137,118.29327
2023-06-05,7b59c7c9-eb08-411b-99d8-254262e7694a,550.55524
2023-06-05,7dd5b1d6-b2e1-46ff-b2a0-f9d82d813a2c,2438.9463
2023-06-05,8107c226-587e-4c04-9593-1852fd48d2dd,1124.2731
2023-06-05,89283977-7b18-4e0b-874c-b92c5ae980e6,-1.7722929
2023-06-05,89faa3df-2445-446c-b132-f7e96435c691,518.52686
2023-06-05,8ab82fee-294d-4cf0-9d12-56bef4e4ef2d,135.35046
2023-06-05,8d551c3e-c3be-47f4-a566-19e5f4d9d02a,1120.2065
2023-06-05,8f6afc06-ed26-4fc9-8856-60d0363439bc,147.08311
2023-06-05,8ff406d2-dcf7-4e13-bf7e-31663ab8963e,-22.055014
2023-06-05,91729615-ce4d-4b74-a151-db7055a9d585,5.7974358
2023-06-05,945d4b74-8f88-44bc-b28b-95b72a424a84,518.52686
2023-06-05,96556b1e-53f9-4725-9451-62282c6e1a46,2.67467
2023-06-05,9d21b191-ef29-41ef-832f-ddf914dd9351,741.1216
2023-06-05,9f058f03-a5a3-46a5-9ed4-d66c082ba4e2,73.502045
2023-06-05,9f471586-d16b-49e5-9e65-ed2189dbb5e1,760.0218
2023-06-05,a4a39698-ed22-4487-ae2d-6a9e7c25accd,546.30597
2023-06-05,a50bc060-dd2b-4d55-a6ec-29dd7fe849d6,141.88696
2023-06-05,aa093897-2c9b-463e-a6bd-7a50f40b7ab3,628.9771
2023-06-05,aa8a88d0-e0cb-4d56-ab15-42266cb80876,932.7208
2023-06-05,aaa1a226-e054-4d23-877a-a107be430aa8,1129.9689
2023-06-05,ac19622c-d248-47a2-8c01-96e1cfa311c9,65.56121
2023-06-05,ac87a2cb-da45-41c3-8f35-50a425fbcce3,947.0406
2023-06-05,b1078ba6-5106-4c13-99d9-4395ab2fce08,2.6747198
2023-06-05,b369174f-15e5-4144-a1ca-0728768783f1,53.62724
2023-06-05,b89e2d2e-da28-42b9-9356-24eff7adcfa0,1129.9689
2023-06-05,bbbc1ed0-cb16-4866-85e4-454e53f663cd,522.2357
2023-06-05,c129b71a-3997-4d28-b1d6-180adf9e4996,944.14685
2023-06-05,c24a7457-7d1f-4bf2-b3ac-e76bb7d8b14b,97.87723
2023-06-05,c36802e7-040c-4f38-a829-9e4557c62e91,489.48624
2023-06-05,c45ed10a-fbcf-4bcd-8e77-ae46629ef3b5,4.5467772
2023-06-05,c4e51275-3a09-40e0-9439-4349cc7ac26d,2.6741045
2023-06-05,c66b2d8d-f5b7-4a21-9081-1f34662889a1,135.4784
2023-06-05,c83f55e4-a890-4272-834c-8ef94f7acab8,1118.3502
2023-06-05,c85b10fe-2f4e-4cd0-b140-c1891d96b6d0,618.33844
2023-06-05,ceadd225-7741-49a7-affd-0873d6cb09f5,938.4529
2023-06-05,cf3871a0-6f9a-4a7d-a8ab-25d6bf992c5a,219.81877
2023-06-05,cfc9c362-ced9-4366-9e80-24691a423127,-21.583447
2023-06-05,d0c93359-4b7e-4121-8cdf-800ad7377118,674.1456
2023-06-05,d7265e1a-81b8-4627-bd22-a904750f06ce,1120.2065
2023-06-05,db0adc05-f116-4fda-8ae5-ff6aea0748e3,675.7783
2023-06-05,e7068084-d6c0-46ed-b677-6dc79f06a783,1118.3502
2023-06-05,e91e04e4-1850-4197-b055-046352b324d9,474.48288
2023-06-05,ed17a6e5-43fe-40d6-9b6b-26945e822b79,817.3997
2023-06-05,ed27497e-d9d4-471a-8481-b1cda1fb59b3,580.46704
2023-06-05,f2bc98a5-7fd3-4aa7-8c3c-108f6ea77991,488.65918
2023-06-05,f2e73e6f-070f-4a45-9232-1e5ad7432c28,23.159824
2023-06-05,f35b7e9f-7ef9-4b7c-833f-05867155349f,248.23045
2023-06-05,f4a895a3-5933-49a9-8538-9040d0dca796,1335.6497
2023-06-05,f5171b58-9a55-4f6a-b2bd-7b3b93857468,1062.8455
2023-06-05,f612350c-e6bc-4e81-aae4-c3a18d142763,595.99994
2023-06-05,f6be0049-58ec-416f-b813-6e0f58274510,531.8631
2023-06-05,f720a6b3-ef17-494c-b7ed-8621e80c1c8b,297.66626
2023-06-05,f8637d85-3fa2-40a1-99f0-b1cd02cae488,474.48288
2023-06-05,fa1531f1-eb28-4440-8a7c-b459ffa6a3b2,113.891365
2023-06-05,130c1dd5-cf01-4cc4-9e30-904f7f8431b6,71.98698
2023-06-05,366a11aa-2b39-4128-8715-57bfa06fdde1,152.59909
2023-06-05,3cec21fb-aeec-4eb1-8b3c-65fbd2eac5bd,532.86365
2023-06-05,45495b0f-2792-4142-a67d-48e66ccc11d0,361.8407
2023-06-05,9b2ee039-c754-4434-9e36-b4950fb261a1,2.6753185
2023-06-05,9c00362d-4873-4f84-a62a-936610aa39be,129.13037
2023-06-05,d0b06052-13eb-4e2e-b2d3-4a72d505a3db,8.737975
2023-06-05,dd87701d-2a0c-4dc4-8cfa-5d9557e4da9f,4.072894
2023-06-05,f3bc44d6-6cfa-49a9-ab87-111b7b6ecb32,474.48242
2023-06-05,014fdfd7-a2bb-489c-838d-bb50d8ead9d8,45.441677
2023-06-05,0958c4ca-d117-4d98-b422-d70b44c1c7e2,605.8681
2023-06-05,112f4632-d9b1-445b-8363-65b5686ea9df,1118.3502
2023-06-05,1202ef81-0f7c-4077-be6b-4012a28a110f,361.8407
2023-06-05,3d96c28c-c335-4ff9-b52b-2edc6a5836d5,792.29895
2023-06-05,459e5906-926d-402e-8e82-e3ecee5e9f10,237.72612
2023-06-05,52af01ff-9a9e-4666-9e94-ec8fbc65bea8,69.526886
2023-06-05,6038f2f6-15a0-4f46-9eae-013f1011e540,280.95602
2023-06-05,613de881-a9ac-42ae-9dc7-99a88cac167d,4.730155
2023-06-05,773d4661-adf4-4fbf-970b-c0b7975260b5,260.6579
2023-06-05,7ab838e0-ca05-4884-ae12-c0e8117d82ad,518.52686
2023-06-05,800e5de5-9b8b-4709-aafe-d8c14b0c0133,1.8437939
2023-06-05,8a98cb6a-abae-4ce0-8b27-15dfae2c25e5,135.11751
2023-06-05,9fe41828-2d03-46fe-80b3-2eec7274a89a,1129.9689
2023-06-05,a79a22b5-ef29-4106-86a5-7e37b19cc265,4.4465427
2023-06-05,b13fe998-1715-4579-b0ce-a04d843ea245,1129.9689
2023-06-05,cf2c53c8-17e8-48e7-b49f-51d1d00e3ddd,874.2581
2023-06-05,ea92a10b-5338-4f29-9559-c9107a1d794f,1120.2065
2023-06-05,efb48b43-e1a1-41f7-9eac-490f08897bc1,-671.4767
2023-06-05,efc82c8d-9719-4503-bbda-71d07a77deb6,1129.9689
2023-06-05,f1d2af13-890e-446e-aa27-3134231729e9,129.23201
2023-06-05,13d6b973-4569-40cf-8941-8b620df8e013,9.553972
2023-06-05,18e0f54f-25fb-471a-a64c-6bd87a6f6835,566.7572
2023-06-05,207f38a8-3f32-40a4-98d6-5a6b3f62d63a,5.317851
2023-06-05,20a685e4-92e2-4542-971c-8f9e6699a52b,564.9805
2023-06-05,448494db-9327-45b7-910c-1049c5fd2145,1074.1517
2023-06-05,4bf8a8a1-6fd2-4277-9a08-2f2ce2d2bf7b,135.9363
2023-06-05,517c5bbf-c537-4d01-9e65-c97a4aab97a6,674.02563
2023-06-05,582a13d3-42a4-466e-af10-9d696e75d80f,143.05205
2023-06-05,657bc4fa-19a1-40a6-990c-d2a587cb9569,7.559927
2023-06-05,80482903-7e4e-401b-b984-0ef751d5df9a,1129.9689
2023-06-05,86039b29-449d-4e30-a879-db8bbb6229f2,491.17752
2023-06-05,8a55fe49-f30d-40ff-8324-e78785a0b482,3.815051
2023-06-05,a5a3285a-d708-45dc-b685-5f330ca2c311,75.16434
2023-06-05,c0be2165-68b5-4595-833f-fe045e6f6fa1,3.7496915
2023-06-05,cc4d84c0-d053-4c24-84ba-21083e83d714,583.76855
2023-06-05,f90b6a92-0eaa-4023-970f-523468beb14d,113.898575
2023-06-05,fcc823ec-08b8-4c30-9146-1d6168944a77,548.51666
2023-06-05,012d3145-091b-46da-add7-242a53c6e25d,14.599355
2023-06-05,11b56589-f85f-4710-8239-d775fb32f7b8,97.04257
2023-06-05,145d2349-bd21-489d-b1ec-4a253d32af5a,86.07744
2023-06-05,19971132-e894-4a1f-8231-4da64ece41f5,129.43935
2023-06-05,1d04bf15-51fd-4733-a070-ae2e47551b5f,495.03085
2023-06-05,24f62731-f56c-492a-b5d5-62068b000783,1118.3502
2023-06-05,2a3f0787-2c01-464b-bb73-7eff72421ef5,474.27438
2023-06-05,2b205a89-3fd2-4056-849c-b2be6c668870,1118.3502
2023-06-05,2beb1878-a2fc-4f15-be03-6685393d248d,6.6931086
2023-06-05,42e26d3b-eb64-47ca-850e-83a7c70281b7,474.2744
2023-06-05,47fd5fc2-fad4-4fcb-b456-ef31434ccdfa,12.192659
2023-06-05,49de97ab-8a9d-48a2-913b-3c82f386e4be,113.96514
2023-06-05,53993f7a-915d-49f6-9a1d-8f360374f18b,8.885618
2023-06-05,6861cbc8-7027-4293-9091-fa2b2706bad1,474.48288
2023-06-05,86622b5a-a623-4835-8e21-3fc37732f54e,144.22987
2023-06-05,87eb2578-abbc-4b12-8fd7-f0eb999900fe,288.58005
2023-06-05,8de0eea3-5554-40ad-a1ec-27bf46bded10,1118.3502
2023-06-05,91db83ff-dcb5-4f40-a54f-81457a4e45f6,27.68755
2023-06-05,95a7e078-9c10-4c5d-9b00-811eb5dc8795,135.33856
2023-06-05,b1a99407-133b-4f65-a7e3-f795e59e64be,495.03094
2023-06-05,b687365b-83a5-4070-b97f-c5d153e701fa,113.889984
2023-06-05,bca7e042-17df-4d5c-9e74-6b9edc7707b9,474.2744
2023-06-05,be0946c9-b410-4c38-a93e-07eb177abbfd,1129.9689
2023-06-05,c80af9d5-ec84-4e24-834e-cb5c27577f7b,191.01956
2023-06-05,cf99bf83-ac09-47c7-a872-a0ed2c4a8159,1129.9689
2023-06-05,d1bca170-6fd7-40df-a750-5f16b0457335,20.009289
2023-06-05,e280d4a4-f343-4861-94b9-8abda02037f7,4.3200216
2023-06-05,e7687584-2816-46c9-a3fe-bb7f0a9a1981,3.8005598
2023-06-05,f548b0ac-9758-43eb-ac39-5ef3d8d3af12,5.4872694
2023-06-05,00466cc8-2fb6-40bc-8f82-401be733f7fb,2.4158864
2023-06-05,03433803-29b1-4b4c-adf7-562ffb386b92,10.43921
2023-06-05,08b617dc-413d-4c83-a8ef-bd1593e26b0e,557.08325
2023-06-05,12ebaf1c-5921-4b12-b64b-8933d1d1c9af,495.03094
2023-06-05,15327a0d-250e-4314-8dd5-df0a0c39bcf0,1120.1979
2023-06-05,20884f58-f9c3-4ebf-aabc-75a45797f128,3083.8254
2023-06-05,39465e5c-ee30-4579-9181-cf18046342eb,657.29156
2023-06-05,43e91ecb-8578-48aa-96b3-e3e7557520ca,817.3997
2023-06-05,46d177c3-220c-4aa0-9ea3-d988c0872532,817.3997
2023-06-05,4dead446-3b8e-4404-bd3f-4b3098d301c7,1118.3502
2023-06-05,533967f5-17c2-4915-8f2d-c62786aa1e07,1120.2065
2023-06-05,64c5c77b-011a-4e1d-bafb-8aff1a60e3ca,351.33694
2023-06-05,77aacb36-a4b9-42e5-a281-3c1f9cc0f0e8,1129.9689
2023-06-05,7b091c70-42cc-41a5-9d33-1356c9ffc001,938.4528
2023-06-05,998e9832-bf1b-41e5-bba7-3eca900fa782,138.11533
2023-06-05,a3faa68f-07cd-4b03-be55-e21d123879e4,1113.5586
2023-06-05,a5174a51-e1f2-4c86-923f-700ca4645d73,704.4004
2023-06-05,a6768838-1e99-4b99-a914-9716e8f89190,3.0293348
2023-06-05,b35fed3b-9a46-4126-b2f0-ecbee7a00d46,1129.9689
2023-06-05,b4c39946-3ac7-4146-966e-915b9d5a1cab,21.874294
2023-06-05,b97f4cbf-3594-43f2-9338-c3a6557d1a56,142.35895
2023-06-05,c0440084-8ffc-477c-bcb1-7df99c3182f5,128.36247
2023-06-05,c4ecb331-2175-4064-bee2-5233cb96a68d,-551.8694
2023-06-05,c63a13c4-aa1e-492c-a17a-b2e9687cf332,737.6707
2023-06-05,d5afaf3b-d704-4fff-8554-5e7f7f17520a,180.88113
2023-06-05,dfafd9ce-417e-43c0-984b-a2832361b333,2.6745963
2023-06-05,e2cb700d-d757-452f-ae77-22a99c6a9b4f,494.9803
2023-06-05,ead306b9-61e8-4d4d-b54d-21b27b8bdf14,938.4528
2023-06-05,f067b899-9c8e-47d1-a1ae-092e8f706e74,518.5271
2023-06-05,f65dd600-04eb-4550-922c-5829ab3777e0,5.757651
2023-06-05,010a9797-8d09-4aba-bfc7-a3527da6d5dd,295.89417
2023-06-05,026f05ea-d521-4ba0-aff6-bdedf13dea12,829.9523
2023-06-05,043114e5-d762-4a9f-ae72-27e2e6aa2c0a,61.03407
2023-06-05,06f1442b-ed26-4d90-a356-ef3b7ce225ad,1119.3293
2023-06-05,09cef1e7-9299-4655-a14f-01ba6549f4d2,1118.3502
2023-06-05,0da97b88-1289-4fb7-8b9f-d6d7c5566b9c,495.37045
2023-06-05,12539438-823f-406e-98cc-e047339db7b0,704.4004
2023-06-05,152f080a-c2a8-4723-9453-75c5d7e9e971,101.41966
2023-06-05,18679f6c-452b-4f58-a4ab-b9a651697de7,265.3798
2023-06-05,212c3dbe-9ddf-40fa-bc44-a311cb821dbe,2.6747198
2023-06-05,21b67647-1d0a-4285-8ad8-a27b56c21c27,9.217953
2023-06-05,22c25db0-8ee3-4e78-997a-ca4663ac04e5,110.7918
2023-06-05,2960475c-0582-4fea-9624-2a7be2ed867a,1028.8281
2023-06-05,2a642c1c-08fa-4e19-8b85-7c6bfcdf1540,1129.9689
2023-06-05,2ae09b60-0b4d-4a1c-a22d-a87735a76a3f,474.7127
2023-06-05,2ba55fd5-4269-47c9-a97f-2ee740d40a2c,143.19275
2023-06-05,302cbd41-0969-43f2-b313-577e89a4b726,1129.9689
2023-06-05,3045c9e6-0f2d-4f55-a000-8267994b0fdd,474.32935
2023-06-05,307e76ce-8376-4c24-9da4-54bcbe835a5a,0.83021164
2023-06-05,31932fcb-54a6-4407-a6a7-6780da3059f7,127.294975
2023-06-05,34883bb5-f759-4dbc-a0df-856bfe81dc91,14.998813
2023-06-05,36624b27-a71a-445a-b7da-94bc2840921f,23.791271
2023-06-05,38000088-b5ee-41b1-a962-00606bacc651,361.8407
2023-06-05,397f4b27-046a-490e-9d1c-b381c5365262,133.43962
2023-06-05,398b5791-68b8-424a-bc71-c33a25effb75,1118.3502
2023-06-05,3e39e1ee-3938-4207-9787-9e4261203866,2.5964622
2023-06-05,43b13e24-aa4b-4b68-941d-8e64f12f8392,766.5426
2023-06-05,4837b371-c3e6-4b31-8ebb-99258a55ee21,128.63441
2023-06-05,4dcaee73-3c5a-46f4-a0f7-d8c8a82687f6,3.7265499
2023-06-05,55ae0345-9af1-4685-b23f-e8268b0ab1b6,1129.9689
2023-06-05,5724c4a2-8ce0-40cb-af94-739745ac5f6b,1.5794684
2023-06-05,59c6d227-d4f8-422e-b81f-dff1bbc54cab,1120.2065
2023-06-05,5d4fa5f1-09d0-47ce-be8b-17c7d4eca8fd,474.48248
2023-06-05,64afdce9-79c2-4c00-b8bd-c48c09ed8fea,361.8407
2023-06-05,6b57f411-b250-4c1f-83cf-29237e7eb0b2,1129.9689
2023-06-05,6be8267b-bf83-445b-8670-1f9d085daa13,11.806327
2023-06-05,6d83da1f-97d1-4ff9-b839-7483c1424915,200.28763
2023-06-05,6dfbc84c-fff1-4e85-831c-a6681c44f931,1120.2065
2023-06-05,74c077b4-5a98-4cf0-979b-9cffd18d0206,474.4513
2023-06-05,764f4f31-948f-40d7-848a-2948aee1611e,474.48288
2023-06-05,77055fbf-b7e1-4dc9-93d5-d82bf18b2049,938.4528
2023-06-05,7c51cc38-5db3-45ea-90a6-d1db7ad68212,133.95201
2023-06-05,7d4ba93c-52bf-4c1b-af18-f0b560d7aacd,6.0504866
2023-06-05,7eec32ac-2791-4f1a-9091-41825f9668e7,29.296207
2023-06-05,845076b9-4a40-47e3-9e50-683fb86288ab,253.30048
2023-06-05,8888000a-4ed0-436c-aa30-6069dcd48454,3.9079242
2023-06-05,8a7b40e6-1bb8-4654-8de8-8163e7dabc1f,142.53339
2023-06-05,8d233db1-7950-47ce-9206-c4084f405f3b,35.18339
2023-06-05,8e602df4-a1cb-4bd5-9c24-6d0d0820563b,15.122391
2023-06-05,94548a06-fbac-4e14-998e-12a527cb8a76,47.644173
2023-06-05,94856a49-6ed3-4587-8d48-8e1ee032e905,26.01633
2023-06-05,9931cf96-1752-4c0f-938e-ddc1b0a412f1,12.4625225
2023-06-05,9b4abfcc-7179-48e9-846c-1171dd0b9aa8,489.4878
2023-06-05,9c2a9742-a382-4ea6-b152-e8a1db603b87,8.548136
2023-06-05,9e3908fc-8611-4783-bd38-8bf29b6d05e7,126.536934
2023-06-05,a180bd22-abc4-4eaa-ba3a-ca17a4af75f1,361.8407
2023-06-05,a35e144f-e3e0-401e-aa1e-ef33c0966af2,113.89156
2023-06-05,a6f5dfea-1cd5-4cb3-a5ea-8877e1aabd35,497.48322
2023-06-05,abea7a16-da4b-440b-b189-a3dac8d91ff7,3.0323951
2023-06-05,ad7900c5-3948-433c-9ef8-32039e5e2e85,38.6168
2023-06-05,b264304f-50a9-4901-a85e-2a28b2fd5847,2.0399256
2023-06-05,b363d7c5-5808-4619-bed1-854a5f81745d,87.18306
2023-06-05,bbc9b268-0263-4476-b432-3a34df18dc2e,1129.9689
2023-06-05,bdbcd994-948f-4ae0-83a8-c972624d3ec0,261.6915
2023-06-05,bdf9f394-6847-4865-a44d-3760cb7db297,149.26735
2023-06-05,c08c664c-0943-435f-a495-7801e0fc3e72,113.889946
2023-06-05,cde6f570-aadf-4102-b149-83acd8dd2aff,1120.2063
2023-06-05,d7af919d-0349-4b5d-866a-d03279208dce,106.20696
2023-06-05,dabd35d1-27e7-493e-b2c4-57ed93db2480,489.07883
2023-06-05,e02bc377-029b-43aa-befe-a41e986fe5bf,361.8407
2023-06-05,e6066f9a-55d4-450e-8486-1765d67723ca,518.52686
2023-06-05,ef165991-f911-450f-93a9-742d577faed8,72.06809
2023-06-05,f0cce338-8c28-4e24-9608-c846e066245a,518.5425
2023-06-05,f4fb7354-f24f-44b6-aff2-ba55cbb594a5,287.69604
2023-06-05,f841ae0f-509d-4a34-821f-cbd6c68ed6c7,3930.6074
2023-06-05,fa10f8c7-880f-4a29-bd65-e6ec916148a8,159.82657
2023-06-05,fbc131d7-0ede-4e56-947e-b5bd6b61cf60,3.3390155
2023-06-05,016079f3-2521-42a9-b049-ef58824aeec3,127.60506
2023-06-05,04b6e724-2043-4692-a89e-2f41cdfd8319,618.8602
2023-06-05,11f8b9b2-3aae-415a-bd1e-6ed8874916d3,1118.3502
2023-06-05,17d1aec1-9068-46db-8c09-18d5a86c174f,474.48288
2023-06-05,19f82df5-2e23-4502-a779-ec93f1549289,113.890495
2023-06-05,1cdd8edb-88e0-4657-be58-38c52be4d12b,23.00958
2023-06-05,1d6d6120-26d3-4790-838c-30429dc5e1b0,2.7250338
2023-06-05,1e255d93-c219-4379-afcd-9ba8b3f91624,227.28578
2023-06-05,24a549ce-21c3-4284-b82d-89f0d7e49a9f,134.80067
2023-06-05,26a9a04e-c4ab-4fb2-827d-937c297f2f98,474.2744
2023-06-05,2736e8b3-4754-44a3-8bdb-bd89be173f3f,590.99994
2023-06-05,277d2c92-8c29-4e59-9491-72471d3695c4,474.96844
2023-06-05,29e652ff-0570-4142-b246-98f6f2624d82,474.48288
2023-06-05,2a9c0353-8e41-4d14-833d-a6ca5be9e737,1124.2731
2023-06-05,2c4e2dc0-ad57-45b4-9276-9586daf290d2,474.48288
2023-06-05,320b47ad-b741-4935-900b-a3527ec20e3a,584.0971
2023-06-05,3363d1d9-b64a-4327-897d-b8dda597509d,518.52686
2023-06-05,342b933a-0736-490a-a7ee-c1669b4ebfed,129.98163
2023-06-05,34d2cfb2-6c01-433b-b0d6-e4ca98bb85da,1129.9689
2023-06-05,39ae8d97-c39c-4850-89ab-2bcc85776949,380.5049
2023-06-05,3afd4a5f-0e80-4ef5-ae1f-cc5be014dc0e,110.915695
2023-06-05,3bcb88bc-9cf9-4ad1-8734-ec5c9b57780e,1118.3502
2023-06-05,413ebcd7-69fc-4382-a08b-dbc87c56157d,115.60436
2023-06-05,4c46cc17-f53c-4024-a93d-9e8754a7cd2a,3.7263443
2023-06-05,4c815565-7d86-446a-a8cd-793736d2ff44,7.1920195
2023-06-05,53ad0adc-70f7-4126-85b3-ed8c767adb0c,113.90412
2023-06-05,53bb207b-f823-41c7-82ed-f8d04767b740,675.7781
2023-06-05,5839f882-5fd0-4f06-b8dd-e27009442fba,147.49088
2023-06-05,6460886a-8ddc-4084-8940-a13cdd834d13,4.3841033
2023-06-05,65878e00-c8b8-430b-8ada-e052ceb45be5,688.7701
2023-06-05,6718716a-e6bf-4fe2-a13d-1606a2146c7a,522.64526
2023-06-05,682e9e32-0310-4c22-a452-cf05d8b38fc4,539.8361
2023-06-05,68c82ab2-d393-495c-81d5-ea4b71ede357,361.8407
2023-06-05,6bb71346-cbcf-4bee-ba64-ffd698175f09,5.0521803
2023-06-05,749501fe-e304-4137-bba9-32e2c7d8aa08,1124.8885
2023-06-05,7691c106-c763-41f5-8ef6-54cc16273598,1120.1979
2023-06-05,7c501828-fda1-4a68-9687-fd5d1e17c877,957.70135
2023-06-05,84d71c0a-6091-41a9-8ce6-ee8ad99c030e,140.60669
2023-06-05,86fb1e5f-30c9-4480-a695-787c29b98394,474.18787
2023-06-05,8fb795d8-2cf5-45ba-89d3-71f9148ec598,361.8407
2023-06-05,929a3929-a25c-467e-a42f-cffe6523af12,492.52963
2023-06-05,9329a08c-aaf1-4f71-a311-caaeb43744c2,128.57965
2023-06-05,93be6064-3e1a-4bdc-bf75-3c3aaf0db1f3,489.29218
2023-06-05,97853d00-334b-4b77-9c94-083d4b79c7fd,5.589806
2023-06-05,9cdfb5b3-ec18-48ab-b528-79adb91ae07d,1129.9689
2023-06-05,a4f3521f-d9b2-40d4-aafb-2f5e1f8a051d,361.8407
2023-06-05,a9343b7b-cba3-47f8-aa1e-94f37ad6ef75,5.7047215
2023-06-05,ad506159-879f-43ec-8f1e-0104a200ba79,1124.2731
2023-06-05,addbb3d5-c0a5-4a08-9f72-44167ab5e731,3.8397307
2023-06-05,b1d7d6e3-e83f-4515-b711-8971139808f8,518.5269
2023-06-05,b47f204f-23ab-4878-9d4e-5529f27009ee,1118.3502
2023-06-05,b49fc6ff-ea93-4532-bd27-67949f574ace,113.89369
2023-06-05,b5b6c6d9-78b6-4bf9-8c6f-935e7737d5ce,1118.3502
2023-06-05,b8213ce6-9f50-4824-b42e-cee35e345165,5.9267235
2023-06-05,bbb5a1cc-e446-4a79-ac2c-26d7c278ce21,71.06394
2023-06-05,c0ea6bf9-0b24-41dc-a0e0-79d256af2e80,39.91499
2023-06-05,c2737ad6-3fcc-48ef-bf6a-4c5cfb3fc88c,1335.6497
2023-06-05,c627471f-e8da-457e-9766-9e1798372370,347.571
2023-06-05,c81ff18d-b05f-46dd-973b-70434c8a90c8,2.2686381
2023-06-05,ca184f66-0f51-46e8-aeca-9febebffd9a4,5.36862
2023-06-05,da1ea115-aa93-4496-8dfc-d0d52a6bf097,4.7540407
2023-06-05,e1a7d314-fb7e-44e1-991a-a1b40e6d5116,4.1080356
2023-06-05,f104225f-cdfb-4fa7-a7b2-605bc9d1c566,474.39966
2023-06-05,f7c4d9c3-8af5-4c08-adcd-35d689929528,1129.9689
2023-06-05,0eaaca3f-46c6-449d-9cd6-4ae1867f5493,123.59813
2023-06-05,1f776b6e-0cb5-41dd-bff9-41412c34820d,43.224274
2023-06-05,2e1f284c-a07e-45db-bf4c-4620bf74ccba,125.67408
2023-06-05,8edda4b4-d213-4f0e-ba51-ddaf57aafba8,278.23462
2023-06-05,a0c7e730-9de6-41bf-8301-fefe35e02711,122.66895
2023-06-05,ad43de32-b2a1-48d2-89bc-d54dfc51ba3f,273.39835
2023-06-05,123dbe41-d7cf-4cda-87dc-6c44da8e33df,2.0586803
2023-06-05,1df603c5-0dca-44ef-8989-d44d3cd86d4d,675.7781
2023-06-05,5271006e-1d9f-4c8f-825a-2a98d7804940,510.28967
2023-06-05,57cc7d61-77ea-4e18-a62c-bfaa1a16d32f,113.469574
2023-06-05,6f3310cc-8954-4fda-a7de-47bec9d7b001,698.2004
2023-06-05,73cd38e6-531c-4ce5-adfd-97cf7470f7ca,544.5309
2023-06-05,7d6d983b-951e-486a-be57-50d2ef6c20ff,72.78344
2023-06-05,80918184-d8b7-4d2d-9180-b4551873b34d,135.42365
2023-06-05,8be84a54-b6ab-4e7b-9747-4f5d2ab993b4,495.02917
2023-06-05,e4026f9a-4d89-4e5c-9ade-6b572acd9e20,271.94736
2023-06-05,f0734397-d950-4b2b-93e6-1a294632a01a,4.6935344
2023-06-05,fdb700be-bc8d-4c26-8f47-43b26d04616d,276.15588
2023-06-05,0b405f91-860b-4e86-9b56-aec16fc7dab4,138.99898
2023-06-05,11ca292e-a71e-4596-b8df-5ea4251f375c,2.4043045
2023-06-05,18690d61-f3fa-4f6c-a2b6-e76d476a6c98,304.4408
2023-06-05,276d2fdf-6979-4458-bab4-465569394fed,135.59235
2023-06-05,327fb33e-f070-496d-b2e1-53ca6f34f765,5.077842
2023-06-05,375f8f43-d630-41e2-a802-7b01d12cec4e,4.1951323
2023-06-05,3dc5d0c8-deee-407a-998d-bf68013c95ac,148.79086
2023-06-05,4aa74716-90e3-49d6-aeef-a3b22cac774d,7.1297426
2023-06-05,57b56dc0-3766-4766-ad1a-a550ff97dd86,127.75919
2023-06-05,6624228c-8145-4abc-ab1c-a495f91bbbd7,93.294334
2023-06-05,6d6eb0b6-bcfb-4174-80c6-094d7d6b0f76,135.08244
2023-06-05,6f8761c5-f582-4b7b-a59c-21dc6ce274fc,141.6277
2023-06-05,845d4ba6-74cc-484b-b4e4-31f6a5c21739,5.071852
2023-06-05,8ef67800-1fbf-444a-94ca-33d638b3a1dc,704.4004
2023-06-05,9195c8ce-397c-4c82-9fa2-c04c0c476ddd,4.055846
2023-06-05,9546262b-969c-444f-9601-0c0b23bd3c1c,129.2444
2023-06-05,a2e7b159-a2ad-474b-b654-a1c9666fc30e,574.6934
2023-06-05,bca859f5-ed13-4254-9a2d-32bca8fae4f7,474.2744
2023-06-05,c45304c8-b265-4e60-81f6-166a56d27578,474.2744
2023-06-05,c9982d84-826a-4f2d-b917-a5767827bd3b,9.436342
2023-06-05,cf7718c4-6016-4d06-a52a-c12dcdc6c625,102.80704
2023-06-05,d1b672b4-eb95-407f-b73b-72d234e51eca,4.4078417
2023-06-05,e979beaf-d579-4f03-9442-785ab3741fcf,495.7028
2023-06-05,ed0a4fbd-00de-467d-b899-402ae7f2336a,188.50972
2023-06-05,f587b1e7-ffda-473f-9675-cbc958a93eea,-61.640636
2023-06-05,fc8247a4-5d86-47fe-acd4-2f92651b0ac5,7.3784866
2023-06-05,fe436750-9a37-4803-ac66-cc0f28d36f36,130.3596
2023-06-05,0965f657-bbce-4c0e-9cb3-0112a5adc0db,474.48212
2023-06-05,126978cf-5cae-4c7e-9ab5-99e924a9ae5b,7.8052645
2023-06-05,1649946b-b392-44e3-b4ca-24b390b745fe,88.09536
2023-06-05,21711178-fb2e-4643-8ad3-6263a53ab6f2,15.992056
2023-06-05,21a6664e-4760-4e72-8c91-f9b54692cad1,-642.28687
2023-06-05,241b230a-22b4-4fbd-9882-1bc35a507c14,4.2386017
2023-06-05,2b9ce9e3-797d-4fc9-998f-17cf1319268d,15.789836
2023-06-05,32c8072a-d3b4-4610-a6a7-2418696611ab,128.51736
2023-06-05,38669854-f9b3-4926-9d14-1474baeef06d,58.02113
2023-06-05,3b1cb438-cc62-4314-beee-b0d54ee6689a,3.9264085
2023-06-05,3bce2936-c807-4645-8c8b-eabdcd1b7908,497.4809
2023-06-05,48aecc3b-d171-480b-a2b4-46ad01d9f09f,5.3564806
2023-06-05,4e6430f6-d2f0-492a-9986-e3e4e30846b4,3.722936
2023-06-05,512e6690-4498-47d4-b7ba-ff365279fe31,361.8407
2023-06-05,5caf6ad4-3e18-49aa-ae79-ef877a34d4ef,30.389612
2023-06-05,63745dec-5741-4a59-9654-1b07b3058a55,14.065784
2023-06-05,67423bc0-3698-4a96-a702-6023512fe279,4.6939225
2023-06-05,6bfd8c52-934c-47c1-a9ff-8d21b77d2cc7,128.40117
2023-06-05,73b5fd48-d4fd-466c-a062-67bf3b4960ee,473.45972
2023-06-05,7850ac35-9849-42e5-ac7d-870b7b558619,21.334476
2023-06-05,7a5d5eea-54db-453a-8172-0da5478061be,561.23004
2023-06-05,7d9ba9b6-f821-4a7f-9b96-cb4624be1841,1112.2134
2023-06-05,8191f2ed-0cdc-4808-8ade-dc3487dbc924,33.535603
2023-06-05,8cd0294f-b4a1-49e0-bdac-84c32705a829,377.38318
2023-06-05,9bab9655-b696-473e-b9bf-2e9682d3841c,121.05398
2023-06-05,a2c7093f-a09f-419a-96bf-a2d3d3bf2c67,33.20757
2023-06-05,a8f1f8d2-ff06-419e-ae97-ebdf863a9eac,277.46
2023-06-05,ab5e9496-38dc-41c8-8319-92e59394afa9,42.385456
2023-06-05,b8cfe9b5-c55c-4067-9571-a7d1bb207312,474.48288
2023-06-05,bc88e209-a3f0-4505-9ef3-a170b93734cc,521.691
2023-06-05,c1ddc709-3d65-4d57-ac02-4fff91eb8e79,20.267994
2023-06-05,ca74247f-c86a-4fd7-bed1-58f31ff3525f,137.49924
2023-06-05,cb952391-5c52-430d-9f94-2baf23ec589d,3.0299826
2023-06-05,d2359146-253c-4e0a-a867-49fd4ea30974,474.2744
2023-06-05,d2579b78-ad7f-4082-acd6-813c74420faa,1129.9689
2023-06-05,d397f886-4152-415b-a5b6-c3fa86fcbfc3,2.2686381
2023-06-05,d95f93e9-f1a8-463d-9b43-f0edd6fea2ae,1124.2731
2023-06-05,d9cbb4fc-cf65-436f-9159-356dac39cb61,152.02132
2023-06-05,d9d65e29-19e1-487a-9be3-bc933829b7c6,1317.2239
2023-06-05,e281b7b3-24b4-4eb9-82ce-8bc9cd3bbcd8,253.89818
2023-06-05,f07fe325-7e0a-4d95-835e-2b84aac8f35d,1039.6625
2023-06-05,f8767e80-9267-4ad3-a93d-1e28480091e0,3.743244
2023-06-05,fef4937a-75a7-45e8-87de-4d3655051d5f,139.13042
